epoca,perdida_train,perdida_val,auc_train,auc_val,accuracy_val,sensibilidad_val,especificidad_val,lr,tiempo_seg
1,0.6254,0.6505,0.528,0.444,0.659,0.000,1.000,0.0003,46.6
2,0.5985,0.6617,0.553,0.442,0.659,0.000,1.000,0.0003,45.1
3,0.5976,0.6680,0.559,0.446,0.659,0.000,1.000,0.0003,45.1
4,0.5961,0.6531,0.560,0.445,0.659,0.000,1.000,0.0003,45.1
5,0.5941,0.6607,0.557,0.445,0.659,0.000,1.000,0.0003,45.1
6,0.5937,0.6607,0.553,0.449,0.659,0.000,1.000,0.0003,45.1
7,0.5941,0.6495,0.552,0.446,0.659,0.000,1.000,0.0003,45.1
8,0.5941,0.6756,0.560,0.451,0.659,0.000,1.000,0.0003,45.1
9,0.5901,0.6594,0.557,0.443,0.659,0.000,1.000,0.0003,45.1
10,0.5929,0.6700,0.560,0.443,0.659,0.000,1.000,0.0003,45.1
11,0.5909,0.6697,0.564,0.439,0.659,0.000,1.000,0.0003,45.1
12,0.5911,0.6652,0.561,0.437,0.659,0.000,1.000,0.0003,45.2
13,0.5924,0.6620,0.561,0.432,0.659,0.000,1.000,0.0003,45.1
14,0.5903,0.6941,0.572,0.438,0.659,0.000,1.000,0.0003,45.2
15,0.5915,0.6672,0.570,0.431,0.659,0.000,1.000,0.0003,45.1
16,0.5882,0.6802,0.584,0.437,0.659,0.000,1.000,0.0003,45.1
17,0.5863,0.6681,0.573,0.428,0.664,0.013,1.000,0.0003,45.1
18,0.5822,0.6782,0.592,0.429,0.659,0.000,1.000,0.0003,45.3
19,0.5880,0.6553,0.595,0.424,0.664,0.013,1.000,0.0003,45.1
20,0.5839,0.6595,0.608,0.429,0.659,0.013,0.993,0.0003,45.1
21,0.5822,0.6548,0.593,0.435,0.668,0.040,0.993,0.0003,45.1
22,0.5823,0.6645,0.601,0.440,0.668,0.053,0.986,0.0003,45.1
23,0.5818,0.6658,0.603,0.446,0.659,0.013,0.993,0.0003,45.2
24,0.5773,0.6668,0.612,0.457,0.659,0.013,0.993,0.0003,45.1
25,0.5802,0.7036,0.615,0.468,0.659,0.000,1.000,0.0003,45.2
26,0.5796,0.6734,0.619,0.466,0.664,0.040,0.986,0.0003,45.1
27,0.5760,0.6681,0.624,0.474,0.659,0.027,0.986,0.0003,45.3
28,0.5731,0.6778,0.619,0.474,0.655,0.000,0.993,0.0003,45.1
29,0.5705,0.6747,0.625,0.486,0.659,0.027,0.986,0.0003,45.2
30,0.5693,0.6738,0.592,0.493,0.664,0.093,0.959,0.0003,45.1
31,0.5698,0.6926,0.628,0.485,0.655,0.000,0.993,0.0003,45.1
32,0.5709,0.6777,0.606,0.491,0.668,0.053,0.986,0.0003,45.2
33,0.5636,0.6909,0.634,0.491,0.659,0.027,0.986,0.0003,45.1
34,0.5654,0.6752,0.649,0.489,0.664,0.040,0.986,0.0003,45.2
35,0.5620,0.6774,0.636,0.493,0.650,0.027,0.972,0.0003,45.2
36,0.5597,0.6820,0.634,0.493,0.650,0.053,0.959,0.0003,45.1
37,0.5585,0.6867,0.654,0.485,0.655,0.013,0.986,0.0003,45.1
38,0.5551,0.6640,0.635,0.495,0.655,0.067,0.959,0.0003,45.2
39,0.5496,0.7065,0.655,0.485,0.650,0.027,0.972,0.0003,45.1
40,0.5561,0.7029,0.654,0.491,0.650,0.160,0.903,0.0003,45.1
